word_bag_features,article_length,category
0.97,378,Politics
0.56,1809,Technology
0.42,569,Entertainment
0.68,1991,Business
0.67,328,Entertainment
0.59,287,Sports
0.92,1158,Politics
0.81,289,Politics
0.54,971,Business
0.5,661,Entertainment
0.53,1949,Technology
0.75,266,Sports
0.52,843,Sports
0.72,1989,Sports
0.77,1523,Sports
0.77,1998,Sports
0.84,1423,Business
0.77,1443,Technology
0.76,1049,Sports
0.94,1541,Politics
0.75,333,Business
0.5,913,Entertainment
0.3,611,Entertainment
0.87,767,Sports
0.87,734,Sports
0.73,817,Business
0.68,1944,Business
0.62,1530,Politics
0.66,252,Sports
0.84,1072,Politics
0.8,886,Business
0.74,1117,Business
0.47,1597,Technology
1.0,1970,Politics
0.47,1541,Entertainment
0.47,963,Entertainment
0.67,651,Business
0.71,978,Sports
0.6,1561,Business
0.7,258,Politics
0.72,263,Business
0.64,286,Sports
0.79,735,Technology
0.62,1163,Entertainment
0.69,1885,Technology
0.4,1074,Entertainment
0.97,1953,Politics
0.81,1105,Sports
0.57,1055,Technology
0.63,499,Technology
0.95,872,Politics
0.56,176,Entertainment
0.8,398,Sports
0.49,869,Entertainment
0.65,891,Sports
0.72,1074,Sports
0.82,1493,Sports
0.59,440,Technology
0.67,854,Politics
0.79,1873,Technology
0.65,914,Entertainment
0.74,1454,Politics
0.85,1841,Business
0.51,1075,Technology
0.62,467,Entertainment
0.93,405,Politics
0.97,861,Politics
0.66,1397,Technology
0.67,431,Sports
0.51,1105,Technology
0.57,632,Business
0.65,474,Politics
0.66,1162,Entertainment
0.85,731,Business
0.65,1140,Entertainment
0.52,769,Business
0.49,720,Technology
0.81,1402,Sports
0.71,1945,Politics
0.67,488,Business
0.56,749,Business
0.65,1882,Entertainment
0.48,1626,Entertainment
0.79,1145,Politics
0.75,643,Business
0.52,991,Technology
0.92,731,Politics
0.74,916,Business
0.64,1848,Entertainment
0.49,1942,Entertainment
0.51,1986,Technology
0.47,805,Entertainment
0.63,1358,Politics
0.84,1429,Sports
0.56,1244,Business
0.75,1126,Sports
0.62,1072,Technology
0.58,511,Technology
0.52,559,Sports
0.88,517,Sports
0.74,1699,Sports
0.64,237,Sports
0.68,1038,Politics
0.63,717,Sports
0.78,1449,Business
0.8,477,Sports
0.61,1279,Entertainment
0.73,737,Technology
0.74,639,Politics
0.44,254,Entertainment
0.52,213,Entertainment
0.75,299,Business
0.7,795,Politics
0.68,527,Business
0.62,889,Technology
0.4,427,Entertainment
0.5,418,Technology
0.72,1382,Technology
0.57,1208,Sports
0.57,682,Business
0.79,1720,Politics
0.48,878,Entertainment
0.39,1447,Entertainment
0.88,1705,Politics
0.5,1855,Entertainment
0.6,491,Sports
0.66,431,Sports
0.8,137,Technology
0.55,213,Sports
0.66,1753,Business
0.69,158,Sports
0.84,536,Politics
0.59,1361,Business
0.9,732,Politics
0.66,1619,Technology
0.91,1765,Politics
0.32,1824,Entertainment
0.69,1465,Business
0.42,362,Entertainment
0.76,194,Sports
0.63,139,Business
0.68,710,Sports
0.69,1556,Technology
0.57,1424,Entertainment
0.64,853,Entertainment
0.53,1340,Sports
0.88,1923,Politics
0.7,398,Business
0.63,1901,Politics
0.39,1191,Entertainment
0.69,1564,Technology
0.52,916,Business
0.51,1000,Sports
0.45,1338,Technology
0.7,511,Sports
0.6,1328,Technology
0.78,1220,Business
0.66,923,Technology
0.53,711,Entertainment
0.88,1158,Sports
0.7,1955,Business
0.61,1328,Technology
0.99,1958,Politics
0.8,942,Business
0.71,310,Politics
0.7,900,Technology
0.66,1036,Business
0.45,1001,Technology
0.31,315,Entertainment
0.68,609,Technology
0.71,1709,Politics
0.64,432,Sports
0.61,618,Business
0.39,298,Entertainment
0.98,846,Politics
0.89,664,Politics
0.52,1015,Entertainment
0.6,1248,Sports
0.73,1826,Technology
0.83,750,Politics
0.46,1347,Entertainment
0.54,1020,Entertainment
0.69,535,Sports
0.64,175,Entertainment
0.64,1234,Entertainment
0.41,1751,Technology
0.72,1633,Business
0.7,1534,Politics
0.78,128,Politics
0.9,1060,Sports
0.5,1084,Technology
0.54,1118,Sports
0.61,1361,Entertainment
0.7,468,Entertainment
0.4,880,Entertainment
0.42,128,Entertainment
0.83,161,Sports
0.8,982,Business
0.32,1752,Entertainment
0.52,1886,Sports
0.5,1197,Entertainment
0.41,1458,Technology
0.8,1798,Business
0.66,1363,Technology
0.51,426,Sports
0.58,514,Technology
0.6,1853,Technology
0.76,1963,Business
0.7,252,Sports
0.91,1409,Politics
0.52,1136,Technology
0.92,1544,Politics
0.56,658,Business
0.88,446,Sports
0.62,759,Politics
0.53,850,Technology
0.69,159,Entertainment
0.38,716,Entertainment
0.63,870,Technology
0.65,1927,Sports
0.95,591,Politics
0.89,277,Sports
0.55,1120,Technology
0.58,1095,Sports
0.49,1293,Entertainment
0.4,499,Entertainment
0.77,1295,Business
0.76,1451,Politics
0.63,496,Sports
0.58,1496,Sports
0.69,921,Entertainment
0.43,176,Technology
0.74,1081,Sports
0.98,110,Politics
0.68,360,Sports
0.75,1918,Politics
0.78,1932,Sports
0.53,1053,Technology
0.79,1852,Sports
0.79,1374,Politics
0.62,1265,Sports
0.49,1429,Technology
0.76,544,Sports
0.65,1431,Business
0.57,521,Technology
0.4,1436,Entertainment
0.79,455,Technology
0.52,1694,Business
0.63,947,Sports
0.55,1943,Sports
0.55,716,Business
0.77,678,Technology
0.85,1312,Politics
0.9,457,Politics
0.9,1189,Politics
0.71,1123,Technology
0.9,1750,Sports
0.92,1591,Politics
0.83,1194,Politics
0.68,1911,Business
0.59,1692,Sports
0.64,1573,Entertainment
0.53,368,Technology
0.86,474,Sports
0.58,150,Business
0.51,596,Sports
0.83,1201,Politics
0.62,1802,Entertainment
0.68,1206,Business
0.79,1746,Politics
0.63,786,Business
0.79,1983,Sports
0.47,1894,Entertainment
0.8,199,Politics
0.43,274,Entertainment
0.43,907,Technology
0.83,1671,Politics
0.86,1393,Sports
0.76,1141,Business
0.69,1349,Entertainment
0.64,1266,Business
0.7,175,Business
0.87,1663,Politics
0.56,1345,Entertainment
0.54,294,Technology
0.44,373,Technology
0.54,1207,Business
0.57,488,Entertainment
0.66,1566,Business
0.82,869,Business
0.64,1436,Politics
0.55,1363,Entertainment
0.75,499,Sports
0.79,900,Politics
0.57,147,Sports
0.74,950,Technology
0.77,248,Sports
0.53,1834,Technology
0.63,1285,Business
0.44,899,Entertainment
0.65,972,Entertainment
0.57,1805,Entertainment
0.64,707,Sports
0.59,987,Entertainment
0.56,1289,Entertainment
0.86,816,Politics
0.54,1284,Business
0.34,1372,Entertainment
0.61,141,Technology
0.99,385,Politics
0.77,1786,Technology
0.88,1321,Sports
0.63,1492,Technology
0.67,896,Technology
0.95,1692,Politics
0.5,433,Technology
0.54,1840,Technology
0.87,1204,Politics
0.88,985,Politics
0.76,603,Technology
0.6,1360,Sports
0.69,1684,Business
0.56,349,Technology
0.68,903,Entertainment
0.69,1016,Technology
0.62,626,Sports
0.55,1388,Entertainment
0.63,833,Technology
0.62,822,Politics
0.57,1430,Sports
0.53,1996,Sports
0.77,586,Politics
0.36,435,Entertainment
0.72,1307,Technology
0.57,205,Sports
0.57,1146,Technology
0.6,855,Business
0.67,641,Business
0.95,1522,Politics
0.79,1956,Sports
0.56,1699,Entertainment
0.86,1731,Politics
0.48,319,Entertainment
0.78,1737,Sports
0.65,886,Business
0.77,832,Business
0.48,1992,Technology
0.65,521,Sports
0.61,239,Entertainment
0.63,1232,Business
0.64,1400,Technology
0.49,551,Entertainment
0.49,1254,Entertainment
0.69,532,Entertainment
0.67,643,Politics
0.82,1227,Sports
0.54,1031,Business
0.69,1722,Technology
0.53,1450,Technology
0.76,1728,Politics
0.79,955,Politics
0.85,1806,Politics
0.31,1527,Entertainment
0.53,227,Sports
0.31,1046,Entertainment
0.4,1371,Entertainment
0.64,899,Entertainment
0.97,1223,Politics
0.77,1115,Sports
0.76,1201,Politics
0.3,1860,Entertainment
0.62,1465,Technology
0.54,1432,Business
0.54,222,Business
0.65,1326,Technology
0.7,1503,Business
0.62,885,Entertainment
0.66,252,Entertainment
0.87,748,Politics
0.73,1998,Politics
0.83,1013,Politics
0.75,215,Technology
0.67,1341,Technology
0.68,386,Sports
0.6,1789,Sports
0.72,504,Politics
0.69,1555,Business
0.64,1212,Business
0.9,1690,Sports
0.92,1606,Politics
0.67,1111,Entertainment
0.86,1976,Politics
0.53,406,Business
0.73,128,Business
0.77,1151,Technology
0.57,1042,Business
0.35,1888,Entertainment
0.65,1273,Technology
0.65,1716,Sports
0.62,1984,Business
0.95,852,Politics
0.68,1523,Politics
0.71,1601,Business
0.72,1036,Politics
0.96,1895,Politics
0.61,1453,Politics
0.67,649,Business
0.57,802,Sports
0.55,1455,Technology
0.76,1006,Sports
0.37,240,Entertainment
0.9,1709,Sports
0.5,283,Entertainment
0.7,1671,Entertainment
0.71,679,Sports
0.68,1272,Entertainment
0.54,1921,Entertainment
0.68,1131,Politics
0.73,936,Sports
0.78,1867,Business
0.85,1460,Politics
0.72,415,Business
0.87,1796,Sports
0.95,1044,Politics
0.56,1848,Technology
0.98,1877,Politics
0.86,854,Politics
0.4,847,Entertainment
0.41,244,Entertainment
0.86,1010,Politics
0.56,446,Business
0.66,308,Politics
0.57,1127,Business
0.75,273,Technology
0.76,719,Business
0.55,628,Technology
0.7,1370,Business
0.76,329,Sports
0.77,995,Sports
0.93,700,Politics
0.73,1796,Sports
0.8,1293,Sports
0.43,1895,Technology
0.82,1298,Business
0.8,418,Business
0.82,1464,Politics
0.51,1729,Sports
0.49,658,Technology
0.67,1034,Entertainment
0.55,1413,Business
0.77,976,Politics
0.79,638,Sports
0.81,145,Sports
0.73,1548,Politics
0.83,1953,Sports
0.5,1542,Technology
0.64,1161,Technology
0.86,1116,Sports
0.63,121,Politics
0.56,1702,Technology
0.88,1187,Sports
0.68,1621,Politics
0.88,1488,Sports
0.56,971,Entertainment
0.68,1347,Technology
0.8,1629,Sports
0.67,1024,Technology
0.56,1807,Technology
0.48,260,Technology
0.78,578,Sports
0.63,989,Politics
0.63,1842,Politics
0.58,304,Business
0.53,235,Business
0.41,1464,Technology
0.52,1102,Sports
0.6,1670,Entertainment
0.57,424,Business
0.61,1293,Business
0.63,1420,Entertainment
0.54,675,Sports
0.51,1672,Business
0.54,1052,Business
0.43,461,Entertainment
0.45,239,Technology
0.56,1067,Business
0.46,217,Technology
0.69,746,Entertainment
0.55,487,Sports
0.77,1493,Politics
0.96,1893,Politics
0.53,1520,Business
0.68,417,Business
0.57,1748,Technology
0.49,244,Entertainment
0.94,1355,Politics
0.51,1485,Business
0.39,335,Entertainment
0.45,246,Technology
0.5,1309,Technology
0.51,925,Sports
0.45,973,Entertainment
0.65,1066,Technology
0.36,1784,Entertainment
0.57,330,Business
0.71,1203,Sports
0.92,1840,Politics
0.48,206,Entertainment
0.43,1344,Technology
0.53,967,Technology
0.68,1412,Politics
0.54,1033,Sports
0.7,1595,Technology
0.72,1508,Politics
0.75,1327,Business
0.81,1137,Sports
0.67,141,Politics
0.57,105,Entertainment
0.45,160,Technology
0.5,534,Business
0.78,587,Business
0.72,890,Politics
0.7,1667,Sports
0.91,430,Politics
0.81,775,Politics
0.68,170,Entertainment
0.42,981,Technology
0.48,1883,Entertainment
0.74,1808,Business
0.71,524,Politics
0.61,125,Business
0.35,1077,Entertainment
0.67,474,Technology
0.69,296,Entertainment
0.5,368,Entertainment
0.51,1723,Sports
0.72,936,Technology
0.99,1387,Politics
0.53,1940,Sports
0.39,1539,Entertainment
0.98,1866,Politics
0.34,1143,Entertainment
0.87,1869,Politics
0.53,732,Entertainment
0.75,1575,Sports
0.48,406,Technology
0.88,808,Sports
0.8,817,Politics
0.49,1196,Entertainment
0.83,477,Sports
0.56,418,Business
0.58,1582,Technology
0.52,406,Technology
0.76,1472,Technology
0.68,1543,Entertainment
0.52,1231,Sports
0.91,1692,Politics
0.8,1491,Technology
0.56,371,Sports
0.53,713,Sports
0.8,1759,Business
0.81,870,Sports
0.76,1011,Business
0.99,633,Politics
0.67,662,Politics
0.57,1806,Business
0.9,1209,Politics
0.61,1057,Technology
0.6,911,Business
0.83,1377,Politics
0.61,1997,Sports
0.61,379,Politics
0.67,1327,Entertainment
0.37,1460,Entertainment
0.65,257,Entertainment
0.5,1756,Entertainment
0.84,698,Sports
0.67,1228,Politics
0.88,690,Sports
0.69,951,Technology
0.49,1514,Entertainment
0.82,409,Business
0.82,1770,Business
0.48,517,Technology
0.85,1666,Sports
0.63,813,Politics
0.73,1110,Technology
0.57,299,Business
0.43,1411,Entertainment
0.9,801,Politics
0.71,369,Technology
0.75,576,Politics
0.55,1047,Entertainment
0.5,437,Sports
0.59,691,Sports
0.52,1728,Technology
0.7,1763,Technology
0.55,1150,Entertainment
0.67,1869,Technology
0.66,620,Politics
0.79,310,Politics
0.52,1075,Entertainment
0.75,1346,Technology
0.52,769,Business
0.74,903,Business
0.72,540,Sports
0.55,1574,Business
0.42,310,Technology
0.4,347,Technology
0.57,118,Technology
0.59,107,Business
0.51,1226,Business
0.57,567,Entertainment
0.49,1999,Entertainment
0.57,753,Sports
0.68,1690,Technology
0.88,288,Politics
0.5,440,Technology
0.63,2000,Politics
0.81,264,Politics
0.75,1714,Technology
0.57,620,Entertainment
0.66,1008,Sports
0.85,884,Politics
0.83,1073,Sports
0.65,1578,Business
0.75,1109,Business
0.96,1780,Politics
0.33,1201,Entertainment
0.98,1933,Politics
0.69,1213,Entertainment
0.59,109,Entertainment
0.66,1012,Technology
0.47,344,Entertainment
0.99,1789,Politics
0.84,1224,Sports
0.66,1746,Business
0.9,1763,Politics
0.51,532,Business
0.79,1496,Business
0.7,889,Sports
0.54,197,Sports
0.57,383,Entertainment
0.64,1010,Politics
0.87,668,Politics
0.76,1142,Sports
0.63,1742,Entertainment
0.77,1091,Sports
0.58,271,Technology
0.72,1628,Business
0.65,1860,Business
0.58,1887,Entertainment
0.78,1573,Business
0.34,641,Entertainment
0.65,1395,Business
0.78,302,Sports
0.9,468,Politics
0.69,988,Technology
0.36,1986,Entertainment
0.69,1298,Business
0.77,1316,Business
0.65,1634,Sports
0.41,1119,Technology
0.64,1094,Politics
0.58,1689,Technology
0.57,478,Business
0.88,1066,Politics
0.91,322,Politics
0.75,1545,Business
0.5,668,Technology
0.44,1097,Entertainment
0.61,1667,Technology
0.66,1952,Politics
0.62,420,Technology
0.7,1014,Technology
0.75,516,Sports
0.55,1483,Business
0.57,962,Business
0.72,209,Politics
0.8,269,Technology
0.47,1532,Technology
0.57,591,Sports
0.8,1917,Sports
0.57,1867,Entertainment
0.38,467,Entertainment
0.81,802,Politics
0.51,470,Entertainment
0.54,720,Business
0.55,1180,Business
0.48,863,Technology
0.68,1265,Politics
0.54,667,Business
0.74,1137,Sports
0.69,652,Business
0.77,168,Technology
0.76,1059,Sports
0.57,989,Technology
0.42,795,Technology
0.99,317,Politics
0.82,225,Business
0.45,1989,Technology
0.62,803,Politics
0.98,1393,Politics
0.78,1810,Sports
0.96,319,Politics
0.63,1137,Politics
0.69,411,Entertainment
0.85,1044,Business
0.71,1662,Business
0.78,1337,Business
0.93,1680,Politics
0.76,1508,Sports
0.46,1510,Technology
0.62,251,Business
0.58,1514,Entertainment
0.68,1112,Politics
0.67,1000,Sports
0.49,1289,Entertainment
0.43,767,Entertainment
0.61,1571,Business
0.7,1807,Business
1.0,267,Politics
0.65,1995,Entertainment
0.89,311,Politics
0.59,1482,Technology
0.76,1329,Business
0.51,1309,Sports
0.79,406,Business
0.44,1543,Technology
0.71,584,Politics
0.61,420,Sports
0.61,345,Entertainment
0.72,1385,Politics
0.74,1546,Business
0.84,1509,Sports
0.86,744,Politics
0.84,1969,Politics
0.88,751,Sports
0.57,1816,Sports
0.77,1903,Business
0.84,364,Business
0.36,364,Entertainment
0.85,773,Politics
0.54,1169,Entertainment
0.59,677,Technology
0.52,232,Business
0.64,695,Technology
0.76,893,Politics
0.73,795,Technology
0.65,1114,Sports
0.61,1363,Entertainment
0.72,408,Business
0.84,1014,Politics
0.71,1161,Politics
0.86,704,Politics
0.68,423,Politics
0.32,267,Entertainment
0.59,315,Business
0.67,977,Politics
0.63,1984,Business
0.84,746,Business
0.52,1094,Business
0.42,956,Technology
0.55,1404,Entertainment
0.33,318,Entertainment
0.64,329,Technology
0.75,1008,Technology
0.68,1580,Business
0.52,1901,Business
0.54,1564,Business
0.67,1642,Sports
0.6,627,Sports
0.69,927,Entertainment
0.68,1440,Politics
0.69,849,Technology
0.58,1200,Sports
0.86,984,Politics
0.52,488,Technology
0.8,1237,Sports
0.62,183,Entertainment
0.56,1659,Business
0.56,537,Sports
0.52,904,Technology
0.8,631,Business
0.67,915,Technology
0.63,1903,Business
0.76,1210,Business
0.65,1201,Technology
0.53,1720,Entertainment
0.6,1258,Technology
0.46,299,Technology
0.66,1809,Business
0.67,1422,Technology
0.65,413,Politics
0.55,214,Entertainment
0.55,1004,Entertainment
0.76,1569,Technology
0.73,483,Technology
0.61,1069,Sports
0.47,1674,Technology
0.5,1159,Business
0.5,248,Sports
0.8,1770,Sports
0.49,218,Technology
0.78,1004,Politics
0.86,843,Politics
0.6,874,Entertainment
0.47,1605,Technology
0.72,1993,Technology
0.33,863,Entertainment
0.75,1551,Technology
0.6,1867,Sports
0.84,136,Sports
0.52,1506,Entertainment
0.86,361,Sports
0.81,1426,Sports
0.57,1526,Entertainment
0.83,1786,Business
0.63,1767,Sports
0.75,1899,Technology
0.95,1214,Politics
0.85,478,Politics
0.41,1718,Technology
0.69,546,Politics
0.67,709,Technology
0.89,1866,Politics
0.62,1733,Business
0.6,1260,Business
0.58,1188,Business
0.68,1250,Sports
0.81,1720,Business
0.75,462,Sports
0.68,1764,Technology
0.66,1662,Technology
0.64,205,Politics
0.7,1301,Technology
0.68,615,Technology
0.74,1382,Business
0.46,996,Technology
0.68,235,Technology
0.99,852,Politics
0.77,561,Technology
0.32,1551,Entertainment
0.45,1356,Entertainment
0.5,1178,Sports
0.65,500,Entertainment
0.76,690,Business
0.51,1118,Technology
0.45,1086,Technology
0.48,928,Entertainment
0.76,551,Technology
0.81,1133,Sports
0.54,1572,Sports
0.57,1363,Sports
0.31,132,Entertainment
0.46,1155,Technology
0.66,1677,Business
0.69,1877,Politics
0.53,656,Entertainment
0.75,655,Technology
0.49,557,Technology
0.82,359,Sports
0.76,610,Technology
0.58,1805,Business
0.43,1843,Technology
0.85,1139,Politics
0.55,1785,Sports
0.79,1514,Business
0.72,791,Technology
0.46,1231,Entertainment
0.53,1012,Entertainment
0.63,1590,Sports
0.67,592,Politics
0.31,675,Entertainment
0.71,1515,Business
0.51,1556,Business
0.59,1647,Entertainment
0.51,1402,Business
0.54,319,Sports
0.34,412,Entertainment
0.5,585,Technology
0.68,1580,Technology
0.56,1584,Sports
0.94,852,Politics
0.54,174,Technology
0.42,1921,Technology
0.85,261,Politics
0.6,1525,Politics
0.74,1357,Business
0.56,972,Technology
0.43,1356,Entertainment
0.52,1354,Entertainment
0.52,496,Entertainment
0.74,838,Technology
0.47,424,Entertainment
0.55,1165,Business
0.34,190,Entertainment
0.53,795,Business
0.89,1555,Sports
0.3,1159,Entertainment
0.66,1652,Sports
0.61,199,Politics
0.82,528,Politics
0.47,730,Technology
0.82,1663,Politics
0.62,645,Politics
0.7,1442,Business
0.78,553,Politics
0.58,807,Business
0.73,1181,Business
0.94,1629,Politics
0.7,778,Business
0.68,417,Entertainment
0.61,1773,Politics
0.72,1050,Business
0.57,231,Business
0.49,1949,Technology
0.4,258,Entertainment
0.78,1939,Technology
0.58,1315,Technology
0.57,939,Sports
0.54,505,Technology
0.8,1627,Sports
0.96,1963,Politics
0.43,182,Technology
0.81,827,Business
0.7,649,Business
0.76,1004,Politics
0.52,379,Entertainment
0.77,1043,Sports
0.69,1350,Politics
0.6,1318,Technology
0.67,391,Sports
0.33,884,Entertainment
0.66,1204,Politics
0.71,724,Politics
0.61,1393,Entertainment
0.84,312,Politics
0.91,602,Politics
0.39,1994,Entertainment
0.78,1602,Technology
0.69,1136,Sports
0.78,1237,Sports
0.98,1997,Politics
0.37,849,Entertainment
0.81,262,Business
0.78,168,Business
0.5,739,Business
0.69,1471,Business
0.6,1828,Entertainment
0.72,200,Sports
0.63,1192,Business
0.78,1027,Sports
0.53,1819,Technology
0.59,781,Technology
0.78,1715,Sports
0.87,1492,Politics
0.65,1788,Politics
0.53,1811,Entertainment
0.65,1247,Technology
0.47,608,Entertainment
0.68,1117,Politics
0.71,432,Business
0.62,1672,Business
0.62,623,Sports
0.64,1786,Politics
0.7,1320,Technology
0.57,1603,Sports
0.68,1063,Politics
0.68,1816,Technology
0.64,1527,Business
0.69,1594,Sports
0.84,1458,Politics
0.58,266,Entertainment
0.84,977,Business
0.66,828,Sports
0.84,428,Business
0.77,531,Business
0.82,1532,Business
0.63,1029,Politics
0.73,849,Business
0.95,1933,Politics
0.85,133,Business
0.82,1727,Business
0.93,1550,Politics
0.61,489,Business
0.53,653,Business
0.73,1332,Technology
0.64,762,Technology
0.8,1324,Politics
0.72,490,Technology
0.55,1719,Business
0.98,387,Politics
0.88,1242,Sports
0.67,657,Technology
0.98,633,Politics
0.84,187,Politics
0.75,660,Politics
0.68,1590,Technology
0.49,459,Entertainment
